capitaltype,decon,assetlife,dbm,dtax
Computers and peripheral equipment   ,0.3,5,200,0.4
Software      ,0.3,5,200,0.4
Communication equipment     ,0.3,5,200,0.4
Medical equipment and instruments   ,0.135,7,200,0.286
Nonmedical instruments     ,0.135,7,200,0.286
Photocopy and related equipment   ,0.18,5,200,0.4
Office and accounting equipment   ,0.15,5,200,0.4
Fabricated metal products    ,0.092,7,200,0.286
Internal combustion engines    ,0.21,15,150,0.1
Metalworking machinery     ,0.122,7,200,0.286
Special industry machinery    ,0.103,7,200,0.286
General industrial equipment    ,0.107,7,200,0.286
"Electrical transmission and distribution, industrial apparatus ",0.05,7,200,0.286
"Trucks, buses, and truck trailers  ",0.19,5,200,0.4
Autos      ,0.165,5,200,0.4
Aircraft      ,0.11,7,200,0.286
Ships and boats    ,0.06,10,200,0.2
Railroad equipment     ,0.06,7,200,0.286
Farm tractors     ,0.145,5,150,0.3
Other agricultural machinery    ,0.118,7,150,0.214
Construction tractors     ,0.163,5,200,0.4
Other construction machinery    ,0.155,5,200,0.4
Mining and oilfield machinery   ,0.15,7,200,0.286
Service industry machinery    ,0.165,7,200,0.286
"Commercial, including office buildings   ",0.025,39,100,0.026
Hospitals and special care structures  ,0.019,39,100,0.026
Manufacturing structures     ,0.031,39,100,0.026
Electric structures     ,0.021,20,150,0.075
Other power structures    ,0.024,15,150,0.1
Communication structures     ,0.024,15,150,0.1
Petroleum and natural gas   ,0.075,5,100,0.2
Mining      ,0.045,5,100,0.2
Religious structures     ,0.019,39,100,0.026
Educational structures     ,0.019,39,100,0.026
Railroad structures     ,0.018,20,150,0.075
Farm structures     ,0.024,20,150,0.075
